{
    "accuracy": 0.7851851851851852,
    "precision": 0.8100189035916824,
    "recall": 0.7752148349163275,
    "f1score": 0.7922348047145829
}