{
    "accuracy": 0.8168340506934482,
    "precision": 0.8244274809160306,
    "recall": 0.830393487109905,
    "f1score": 0.8273997296079315
}