{
    "accuracy": 0.6459909228441755,
    "precision": 0.7044400265076209,
    "recall": 0.5948517067711248,
    "f1score": 0.6450242718446602
}