{
    "accuracy": 0.8079727758872144,
    "precision": 0.8228492136910268,
    "recall": 0.8138151875571821,
    "f1score": 0.8183072677092916
}