{
    "accuracy": 0.8015399900645802,
    "precision": 0.8448360254527656,
    "recall": 0.7817028985507246,
    "f1score": 0.8120442248882616
}